"","ID","Description","GeneRatio","BgRatio","RichFactor","FoldEnrichment","zScore","pvalue","p.adjust","qvalue","geneID","Count"
"GO:1902893","GO:1902893","regulation of miRNA transcription","10/473","76/18986",0.131578947368421,5.28151774785802,5.97800468231841,1.83584179380373e-05,0.0429116077129303,0.0407063200182389,"NOTCH2/GATA3/FOXA1/FOS/SOX9/ATOH8/PPARG/FOXO3/MYB/ESR1",10
"GO:0061614","GO:0061614","miRNA transcription","10/473","77/18986",0.12987012987013,5.21292660827544,5.92096434334747,2.06355410978266e-05,0.0429116077129303,0.0407063200182389,"NOTCH2/GATA3/FOXA1/FOS/SOX9/ATOH8/PPARG/FOXO3/MYB/ESR1",10
"GO:0060740","GO:0060740","prostate gland epithelium morphogenesis","6/473","26/18986",0.230769230769231,9.26296958855098,6.73908807594947,3.49010088929476e-05,0.0483844319952563,0.0458978881862342,"FOXA1/SOX9/BMP7/TP63/ESR1/CYP7B1",6
