CB	D1	D2
AAGACTCAGAACCCGA	9.799945	-34.406097
AAGTGAACATCCGCGA	9.683282	-34.95844
AATCACGCAACAGATA	9.366676	-34.627804
ACAGCCGCAATTTCTC	7.521968	-33.395847
ACCACAATCCGATTAG	9.018534	-35.09664
ACCTGTCCATTAAGCC	8.825997	-36.026215
ACGTCCTAGGAACGTC	9.084606	-34.273167
ACGTTCCGTCCTGTTC	8.017569	-34.825558
ACTGTGAAGTCCTACA	8.313242	-35.838135
ACTTCCGAGCTAATGA	8.907497	-35.556767
AGCGCCACACGACGAA	8.519396	-34.482235
AGGAATATCATCCCGT	7.848304	-32.89253
AGGCTGCAGCATGCAG	9.685949	-35.500202
AGGGTTTCAAGGTCAG	8.6768875	-34.851406
ATGAAAGAGTGCACAG	8.501345	-35.163654
CATGCTCCATCAGCTA	9.354908	-35.574768
CCATCACTCCACACCT	10.145064	-34.169525
CGAATTGCAATATCCG	10.439556	-34.756775
CGCATAATCGAGTGGA	8.327436	-34.009552
CTGGACGTCAAGTCTG	7.4632134	-35.495895
GAAATGACAACAGTGG	9.245116	-33.66733
GAACTGTAGTTCCAGT	7.484722	-34.690895
GCACATAGTGACTAAA	10.482327	-35.37726
GCCCGAAAGCAATAGT	7.5909715	-35.20445
GGGCCATAGGAGCTGT	8.008415	-35.387043
GTGCACGCAAAGTGTA	7.200214	-33.199947
GTGTGATTCCTGTACC	10.10723	-35.08683
TACATTCGTATGCTAC	10.207472	-35.911884
TACTGCCGTGCATGTT	7.475787	-32.783634
TATCAGGCATGGACAG	9.336689	-33.945248
TCCATCGAGTCACTGT	9.796898	-33.57175
TCTGCCAAGCCTGTCG	9.339943	-36.523266
TGGATCATCTTTCAGT	8.556898	-36.49938
TGTACAGGTCTGTCCT	9.606594	-36.128284
TTCTAGTCATCCGGTG	7.825303	-36.093647
