CB	D1	D2
AAGACTCAGAACCCGA	-10.418163	0.14294003
AAGTGAACATCCGCGA	-11.075325	0.832699
AATCACGCAACAGATA	-10.463299	0.7743921
ACAGCCGCAATTTCTC	-10.405445	1.7943836
ACCTGTCCATTAAGCC	-9.84389	0.288241
ACGTCCTAGGAACGTC	-11.3989725	2.2851746
ACGTTCCGTCCTGTTC	-9.711767	0.79394966
ACTGTGAAGTCCTACA	-11.145676	1.944735
AGCGCCACACGACGAA	-9.7641325	2.1269252
AGGCTGCAGCATGCAG	-10.174506	1.3356947
AGGGTTTCAAGGTCAG	-11.270812	1.338901
ATGAAAGAGTGCACAG	-10.508306	2.1844676
CCATCACTCCACACCT	-8.872194	1.9993345
CGAATTGCAATATCCG	-10.685554	1.2577814
CGCATAATCGAGTGGA	-9.369848	1.6559365
CTGGACGTCAAGTCTG	-8.999812	0.5378202
GAAATGACAACAGTGG	-9.721702	1.3559134
GAACTGTAGTTCCAGT	-9.374399	2.7154388
GTGCACGCAAAGTGTA	-10.752687	2.7636309
GTGTGATTCCTGTACC	-8.98552	1.1151408
TACATTCGTATGCTAC	-9.317389	0.01491829
TCCATCGAGTCACTGT	-11.831005	1.6208328
TCTGCCAAGCCTGTCG	-10.102029	2.8195646
TGGATCATCTTTCAGT	-11.063597	0.12245929
TTCTAGTCATCCGGTG	-11.642346	0.6459611
