CB	D1	D2
AAGACTCAGAACCCGA	4.4409823	23.391157
AAGTGAACATCCGCGA	4.9220786	23.892454
AATCACGCAACAGATA	5.3807187	24.385805
ACAGCCGCAATTTCTC	5.5230775	23.900408
ACCTGTCCATTAAGCC	5.0621877	22.99612
ACGTCCTAGGAACGTC	6.374837	23.869276
ACGTTCCGTCCTGTTC	5.624247	22.802746
ACTGTGAAGTCCTACA	7.0056057	23.587877
AGCGCCACACGACGAA	6.0313206	23.56259
AGGCTGCAGCATGCAG	5.4153786	23.407314
AGGGTTTCAAGGTCAG	6.5421576	24.562284
ATGAAAGAGTGCACAG	4.4061265	24.412207
CCATCACTCCACACCT	6.6361656	22.487278
CGAATTGCAATATCCG	5.690931	24.941046
CGCATAATCGAGTGGA	6.9720607	24.227638
CTGGACGTCAAGTCTG	4.038697	23.711296
GAAATGACAACAGTGG	6.7858505	23.04425
GAACTGTAGTTCCAGT	6.2419953	22.938805
GTGCACGCAAAGTGTA	4.843041	22.179176
GTGTGATTCCTGTACC	5.09342	25.057068
TACATTCGTATGCTAC	5.486108	22.20888
TCCATCGAGTCACTGT	5.9036036	24.32296
TCTGCCAAGCCTGTCG	6.1191983	22.197876
TGGATCATCTTTCAGT	4.6123333	22.705528
TTCTAGTCATCCGGTG	4.8053265	24.536697
