CB	D1	D2
AAGACTCAGAACCCGA	-5.6043234	-0.07148304
AAGTGAACATCCGCGA	-6.443657	-0.7811459
AATCACGCAACAGATA	-6.0446277	-0.81982857
ACAGCCGCAATTTCTC	-5.029809	-0.36122113
ACCTGTCCATTAAGCC	-5.463004	-1.2690569
ACGTCCTAGGAACGTC	-4.89163	-1.383333
ACGTTCCGTCCTGTTC	-5.3862348	-1.8995047
ACTGTGAAGTCCTACA	-4.705816	-0.8488058
AGCGCCACACGACGAA	-3.6887133	-1.2237529
AGGCTGCAGCATGCAG	-4.871667	0.7646945
AGGGTTTCAAGGTCAG	-4.0787034	-0.66879374
ATGAAAGAGTGCACAG	-4.7280602	0.20642519
CCATCACTCCACACCT	-4.232422	-1.2127059
CGAATTGCAATATCCG	-5.3366876	0.20674805
CGCATAATCGAGTGGA	-4.0797343	0.14293376
CTGGACGTCAAGTCTG	-6.184067	0.30362082
GAAATGACAACAGTGG	-4.4744153	-0.2276128
GAACTGTAGTTCCAGT	-4.711407	-2.1919372
GTGCACGCAAAGTGTA	-5.435161	-0.7535042
GTGTGATTCCTGTACC	-5.6803317	0.7596982
TACATTCGTATGCTAC	-6.237243	-1.5628712
TCCATCGAGTCACTGT	-3.4978456	-0.35214454
TCTGCCAAGCCTGTCG	-4.2420335	-1.8789937
TGGATCATCTTTCAGT	-6.019372	-2.1283681
TTCTAGTCATCCGGTG	-6.5332875	-0.16305183
