CB	D1	D2
AAGACTCAGAACCCGA	7.855815	7.409682
AAGTGAACATCCGCGA	9.36841	6.922602
AATCACGCAACAGATA	8.233814	6.248702
ACAGCCGCAATTTCTC	6.704939	7.1212373
ACCACAATCCGATTAG	8.555451	6.367885
ACCTGTCCATTAAGCC	8.93891	6.040254
ACGTCCTAGGAACGTC	9.377031	6.188604
ACGTTCCGTCCTGTTC	8.661429	8.0188675
ACTGTGAAGTCCTACA	7.974345	6.6236367
ACTTCCGAGCTAATGA	8.39164	6.9413033
AGCGCCACACGACGAA	8.949791	6.61617
AGGAATATCATCCCGT	6.289153	6.7480392
AGGCTGCAGCATGCAG	8.088073	7.790238
AGGGTTTCAAGGTCAG	8.491138	7.5786633
ATGAAAGAGTGCACAG	8.590397	8.4555435
CATGCTCCATCAGCTA	9.79329	6.515744
CCATCACTCCACACCT	8.676129	7.046272
CGAATTGCAATATCCG	7.999026	7.0629325
CGCATAATCGAGTGGA	8.038971	5.6865506
CTGGACGTCAAGTCTG	9.728232	8.140494
GAAATGACAACAGTGG	8.484543	5.575572
GAACTGTAGTTCCAGT	9.204109	8.301471
GCACATAGTGACTAAA	9.215609	7.8043504
GCCCGAAAGCAATAGT	9.7689905	5.8574963
GGGCCATAGGAGCTGT	9.043863	5.5549264
GTGCACGCAAAGTGTA	6.4902463	7.3257465
GTGTGATTCCTGTACC	7.8795333	8.246898
TACATTCGTATGCTAC	9.779874	7.558083
TACTGCCGTGCATGTT	6.0779743	6.8155704
TATCAGGCATGGACAG	9.153503	7.428184
TCCATCGAGTCACTGT	7.5366654	5.7477894
TCTGCCAAGCCTGTCG	7.329482	6.1067567
TGGATCATCTTTCAGT	10.255853	6.637054
TGTACAGGTCTGTCCT	9.956553	7.097624
TTCTAGTCATCCGGTG	7.601551	6.479835
