CB	D1	D2
AAGACTCAGAACCCGA	-1.8533365	-0.5238483
AAGTGAACATCCGCGA	-0.7304176	-0.07293186
AATCACGCAACAGATA	-1.224259	-0.059314534
ACAGCCGCAATTTCTC	-1.4479877	2.3285646
ACCACAATCCGATTAG	-1.672483	-0.07847227
ACCTGTCCATTAAGCC	-0.8757386	0.29414567
ACGTCCTAGGAACGTC	-2.2109048	-0.33299288
ACGTTCCGTCCTGTTC	-1.794074	0.36375406
ACTGTGAAGTCCTACA	-0.8854109	0.92929226
ACTTCCGAGCTAATGA	-1.7927487	0.8931185
AGCGCCACACGACGAA	-1.559841	0.977268
AGGAATATCATCCCGT	-2.1314373	2.1428638
AGGCTGCAGCATGCAG	-2.8589742	0.52757496
AGGGTTTCAAGGTCAG	-2.574885	0.98895127
ATGAAAGAGTGCACAG	-2.1800103	0.34021702
CATGCTCCATCAGCTA	-2.970436	-0.2368128
CCATCACTCCACACCT	-1.3066282	0.46424788
CGAATTGCAATATCCG	-1.1946642	-0.51621956
CGCATAATCGAGTGGA	-0.95014435	1.5374584
CTGGACGTCAAGTCTG	-1.4205043	1.505514
GAAATGACAACAGTGG	-0.33783498	-0.5058708
GAACTGTAGTTCCAGT	-0.07801946	0.3120206
GCACATAGTGACTAAA	-2.1888041	1.3417883
GCCCGAAAGCAATAGT	-0.51970446	0.5886134
GGGCCATAGGAGCTGT	-0.86475366	-0.7181731
GTGCACGCAAAGTGTA	-1.6204356	2.5510495
GTGTGATTCCTGTACC	-2.5281096	0.14640796
TACATTCGTATGCTAC	-1.7376804	-1.1619757
TACTGCCGTGCATGTT	-2.1589818	2.4710932
TATCAGGCATGGACAG	-2.1290293	0.80196446
TCCATCGAGTCACTGT	-1.2879082	-1.1947849
TCTGCCAAGCCTGTCG	-2.2928061	-1.0630468
TGGATCATCTTTCAGT	-0.040762454	0.8375728
TGTACAGGTCTGTCCT	-2.5295405	-0.69270486
TTCTAGTCATCCGGTG	-0.43496194	1.4007784
